ECO,PLACA
02,08ER8Y
05,10ER8Y
12,82EP1D
14,83EP1D
15,84EP1D
16,85EP1D
18,28ES7R
23,881SP1
385,75AE6B
44,734ST4
46,65ES6L
54,06EM2U
555,09ER8Y
61,629DZ6
62,630DZ6
64,40AF3G
66,497DZ5
70,27ES7R
70,27ES7R
73,72ER7N
74,86ER8N
75,97ER9N
76,80ER9Y
81,123EA1
82,126EA1
84,21AA2B
85,514AU3
852,09AE7B
86,338EX7
87,75AA1B
88,90AA9S
F07,04BG2E
F10,22BC7D
F11,63BE3H
F13,59BE2H
F-14,81BJ6J
F-15,19BJ4L
F-16,24BJ5L
T-11,21ES8T
T-19,43ES1U
T-20,48ES3U
T-21,70ES4Y
T-77,46ES3U
T-78,78ES9L
T-79,77ES9L
T-80,94ES3Y
T-81,72ES4Y
T-82,71ES4Y
V-08,65EP8W
